{
  "$schema": "https://schema.management.azure.com/schemas/2019-04-01/deploymentTemplate.json#",
  "contentVersion": "1.0.0.0",
  "metadata": {
    "author": "Microsoft - support@microsoft.com",
    "comments": "Solution template for VMware Carbon Black Cloud"
  },
  "parameters": {
    "location": {
      "type": "string",
      "minLength": 1,
      "defaultValue": "[resourceGroup().location]",
      "metadata": {
        "description": "Not used, but needed to pass arm-ttk test `Location-Should-Not-Be-Hardcoded`.  We instead use the `workspace-location` which is derived from the LA workspace"
      }
    },
    "workspace-location": {
      "type": "string",
      "defaultValue": "",
      "metadata": {
        "description": "[concat('Region to deploy solution resources -- separate from location selection',parameters('location'))]"
      }
    },
    "workspace": {
      "defaultValue": "",
      "type": "string",
      "metadata": {
        "description": "Workspace name for Log Analytics where Microsoft Sentinel is setup"
      }
    }
  },
  "variables": {
    "email": "support@microsoft.com",
    "_email": "[variables('email')]",
    "_solutionName": "VMware Carbon Black Cloud",
    "_solutionVersion": "3.0.2",
    "solutionId": "azuresentinel.azure-sentinel-solution-vmwarecarbonblack",
    "_solutionId": "[variables('solutionId')]",
    "workspaceResourceId": "[resourceId('microsoft.OperationalInsights/Workspaces', parameters('workspace'))]",
    "dataConnectorCCPVersion": "1.0.0",
    "_dataConnectorContentIdConnectorDefinition1": "carbonBlackAWSS3",
    "dataConnectorTemplateNameConnectorDefinition1": "[concat(parameters('workspace'),'-dc-',uniquestring(variables('_dataConnectorContentIdConnectorDefinition1')))]",
    "_dataConnectorContentIdConnections1": "carbonBlackAWSS3Connections",
    "dataConnectorTemplateNameConnections1": "[concat(parameters('workspace'),'-dc-',uniquestring(variables('_dataConnectorContentIdConnections1')))]",
    "_solutioncontentProductId": "[concat(take(variables('_solutionId'),50),'-','sl','-', uniqueString(concat(variables('_solutionId'),'-','Solution','-',variables('_solutionId'),'-', variables('_solutionVersion'))))]"
  },
  "resources": {
    "type": "Microsoft.OperationalInsights/workspaces/providers/contentPackages",
    "apiVersion": "2023-04-01-preview",
    "location": "[parameters('workspace-location')]",
    "properties": {
      "version": "3.0.2",
      "kind": "Solution",
      "contentSchemaVersion": "3.0.0",
      "displayName": "VMware Carbon Black Cloud",
      "publisherDisplayName": "Microsoft Sentinel, Microsoft",
      "descriptionHtml": "<p><strong>Note:</strong> Please refer to the following before installing the solution:</p>\n<p>• Review the solution <a href=\"https://github.com/Azure/Azure-Sentinel/tree/master/Solutions/VMware%20Carbon%20Black%20Cloud/ReleaseNotes.md\">Release Notes</a></p>\n<p>• There may be <a href=\"https://aka.ms/sentinelsolutionsknownissues\">known issues</a> pertaining to this Solution, please refer to them before installing.</p>\n<p>The <a href=\"https://www.vmware.com/products/carbon-black-cloud.html\">VMware Carbon Black Cloud</a> solution for Microsoft Sentinel allows ingesting Carbon Black <a href=\"https://developer.carbonblack.com/reference/carbon-black-cloud/cb-defense/latest/rest-api/#audit-log-events\">Audit</a>, <a href=\"https://developer.carbonblack.com/reference/carbon-black-cloud/cb-defense/latest/rest-api/#notifications\">Notification</a> and <a href=\"https://developer.carbonblack.com/reference/carbon-black-cloud/platform/deprecated/data-forwarder-config-api/\">Event</a> logs into Microsoft Sentinel.</p>\n<p><strong>Underlying Microsoft Technologies used:</strong></p>\n<p>This solution takes a dependency on the following technologies, and some of these dependencies either may be in <a href=\"https://azure.microsoft.com/support/legal/preview-supplemental-terms/\">Preview</a> state or might result in additional ingestion or operational costs:</p>\n<ol type=\"a\">\n<li><p><a href=\"https://docs.microsoft.com/azure/azure-monitor/logs/data-collector-api\">Azure Monitor HTTP Data Collector API</a></p>\n</li>\n<li><p><a href=\"https://azure.microsoft.com/services/functions/#overview\">Azure Functions</a></p>\n</li>\n</ol>\n<p><a href=\"https://aka.ms/azuresentinel\">Learn more about Microsoft Sentinel</a> | <a href=\"https://aka.ms/azuresentinelsolutionsdoc\">Learn more about Solutions</a></p>\n",
      "contentKind": "Solution",
      "contentProductId": "[variables('_solutioncontentProductId')]",
      "id": "[variables('_solutioncontentProductId')]",
      "icon": "<img src=\"https://raw.githubusercontent.com/Azure/Azure-Sentinel/master/Logos/Azure_Sentinel.svg\" width=\"75px\" height=\"75px\">",
      "contentId": "[variables('_solutionId')]",
      "parentId": "[variables('_solutionId')]",
      "source": {
        "kind": "Solution",
        "name": "VMware Carbon Black Cloud",
        "sourceId": "[variables('_solutionId')]"
      },
      "author": {
        "name": "Microsoft",
        "email": "[variables('_email')]"
      },
      "support": {
        "name": "Microsoft",
        "email": "support@microsoft.com",
        "tier": "Microsoft",
        "link": "https://support.microsoft.com/"
      },
      "dependencies": {
        "operator": "AND",
        "criteria": [
          {
            "kind": "DataConnector",
            "contentId": "[variables('_dataConnectorContentIdConnections1')]",
            "version": "[variables('dataConnectorCCPVersion')]"
          }
        ]
      },
      "firstPublishDate": "2022-06-01",
      "providers": [
        "VMware"
      ],
      "categories": {
        "domains": [
          "Security - Threat Protection"
        ]
      }
    },
    "name": "[concat(parameters('workspace'),'/Microsoft.SecurityInsights/', variables('_solutionId'))]"
  },
  "outputs": {}
}
